--
-- PostgreSQL database dump
--

SET statement_timeout = 0;
SET client_encoding = 'UTF8';
SET standard_conforming_strings = on;
SET check_function_bodies = false;
SET client_min_messages = warning;

--
-- Name: plpgsql; Type: EXTENSION; Schema: -; Owner: 
--

CREATE EXTENSION IF NOT EXISTS plpgsql WITH SCHEMA pg_catalog;


--
-- Name: EXTENSION plpgsql; Type: COMMENT; Schema: -; Owner: 
--

COMMENT ON EXTENSION plpgsql IS 'PL/pgSQL procedural language';


SET search_path = public, pg_catalog;

SET default_tablespace = '';

SET default_with_oids = false;

--
-- Name: schema_migrations; Type: TABLE; Schema: public; Owner: root; Tablespace: 
--

CREATE TABLE schema_migrations (
    version character varying(255) NOT NULL
);


ALTER TABLE public.schema_migrations OWNER TO root;

--
-- Name: tastes; Type: TABLE; Schema: public; Owner: root; Tablespace: 
--

CREATE TABLE tastes (
    id integer NOT NULL,
    code character varying(255),
    name character varying(255),
    yogurt character varying(255),
    fruits character varying(255),
    topings character varying(255),
    liquid character varying(255),
    color character varying(255),
    votes integer DEFAULT 0,
    created_at timestamp without time zone NOT NULL,
    updated_at timestamp without time zone NOT NULL,
    sort_order integer,
    soy boolean DEFAULT false
);


ALTER TABLE public.tastes OWNER TO root;

--
-- Name: tastes_id_seq; Type: SEQUENCE; Schema: public; Owner: root
--

CREATE SEQUENCE tastes_id_seq
    START WITH 1
    INCREMENT BY 1
    NO MINVALUE
    NO MAXVALUE
    CACHE 1;


ALTER TABLE public.tastes_id_seq OWNER TO root;

--
-- Name: tastes_id_seq; Type: SEQUENCE OWNED BY; Schema: public; Owner: root
--

ALTER SEQUENCE tastes_id_seq OWNED BY tastes.id;


--
-- Name: tastes_id_seq; Type: SEQUENCE SET; Schema: public; Owner: root
--

SELECT pg_catalog.setval('tastes_id_seq', 55, true);


--
-- Name: users; Type: TABLE; Schema: public; Owner: root; Tablespace: 
--

CREATE TABLE users (
    id integer NOT NULL,
    provider character varying(255),
    uid character varying(255),
    created_at timestamp without time zone NOT NULL,
    updated_at timestamp without time zone NOT NULL
);


ALTER TABLE public.users OWNER TO root;

--
-- Name: users_id_seq; Type: SEQUENCE; Schema: public; Owner: root
--

CREATE SEQUENCE users_id_seq
    START WITH 1
    INCREMENT BY 1
    NO MINVALUE
    NO MAXVALUE
    CACHE 1;


ALTER TABLE public.users_id_seq OWNER TO root;

--
-- Name: users_id_seq; Type: SEQUENCE OWNED BY; Schema: public; Owner: root
--

ALTER SEQUENCE users_id_seq OWNED BY users.id;


--
-- Name: users_id_seq; Type: SEQUENCE SET; Schema: public; Owner: root
--

SELECT pg_catalog.setval('users_id_seq', 120, true);


--
-- Name: votes; Type: TABLE; Schema: public; Owner: root; Tablespace: 
--

CREATE TABLE votes (
    id integer NOT NULL,
    user_id integer,
    taste_id integer,
    created_at timestamp without time zone NOT NULL,
    updated_at timestamp without time zone NOT NULL
);


ALTER TABLE public.votes OWNER TO root;

--
-- Name: votes_id_seq; Type: SEQUENCE; Schema: public; Owner: root
--

CREATE SEQUENCE votes_id_seq
    START WITH 1
    INCREMENT BY 1
    NO MINVALUE
    NO MAXVALUE
    CACHE 1;


ALTER TABLE public.votes_id_seq OWNER TO root;

--
-- Name: votes_id_seq; Type: SEQUENCE OWNED BY; Schema: public; Owner: root
--

ALTER SEQUENCE votes_id_seq OWNED BY votes.id;


--
-- Name: votes_id_seq; Type: SEQUENCE SET; Schema: public; Owner: root
--

SELECT pg_catalog.setval('votes_id_seq', 643, true);


--
-- Name: id; Type: DEFAULT; Schema: public; Owner: root
--

ALTER TABLE ONLY tastes ALTER COLUMN id SET DEFAULT nextval('tastes_id_seq'::regclass);


--
-- Name: id; Type: DEFAULT; Schema: public; Owner: root
--

ALTER TABLE ONLY users ALTER COLUMN id SET DEFAULT nextval('users_id_seq'::regclass);


--
-- Name: id; Type: DEFAULT; Schema: public; Owner: root
--

ALTER TABLE ONLY votes ALTER COLUMN id SET DEFAULT nextval('votes_id_seq'::regclass);


--
-- Data for Name: schema_migrations; Type: TABLE DATA; Schema: public; Owner: root
--

COPY schema_migrations (version) FROM stdin;
20121105110317
20121218142411
20121218142452
20130303044000
20130303045149
\.


--
-- Data for Name: tastes; Type: TABLE DATA; Schema: public; Owner: root
--

COPY tastes (id, code, name, yogurt, fruits, topings, liquid, color, votes, created_at, updated_at, sort_order, soy) FROM stdin;
22	Grape	Виноград	киви, классический, манго	манго, клубника, виноград	дробленый арахис, миндаль, фруктовый мармелад	лимон, клубника	7263a6	15	2012-11-07 14:37:42.735406	2013-03-04 06:02:49.618744	22	f
30	Melon	Дыня	ваниль, банан, таро	дыня, банан	мотчи, йогуртовые чипсы, мармелад «Мишки Гамми»	шоколад, карамель	8e9b3e	22	2012-11-07 14:37:42.765942	2013-03-04 06:02:49.809863	30	f
44	Rocky_Road	Шоколад с орехами	шоколад, клубника, миндаль	клубника, банан, вишня	миндальные лепестки, ореховая смесь, брауни, шоколадная крошка	шоколад, карамель	502b1b	4	2012-11-07 14:37:42.82501	2013-03-04 06:02:49.811269	44	f
4	Apple_Pie	Яблочный пирог	ваниль, банан, апельсиновый крем	банан, яблоко, манго	дробленый миндаль, гранола	клубника, сгущенное молоко, карамель	cd792b	27	2012-11-07 14:37:42.670799	2013-03-04 06:02:49.807002	4	f
10	Cheese_Cake	Чизкейк	банан, капучино, клубника	голубика, клубника	чизкейк, кусочки печенья «Орео»	клубника, лимон	e88224	26	2012-11-07 14:37:42.69221	2013-03-04 06:02:49.774842	10	f
3	Almond	Миндаль	шоколад, ваниль, банан	клубника, манго, яблоко	миндаль, кокос, дробленый арахис	шоколад, клубника	e08d26	13	2012-11-07 14:37:42.667191	2013-03-04 06:02:49.801395	3	f
6	Birthday_Cake	Праздничный торт	ваниль, шоколад, печенье со сливочным кремом	клубника, арбуз, вишня	брауни, шоколадная крошка	шоколад, клубника	cba92c	14	2012-11-07 14:37:42.677801	2013-03-04 06:02:49.779471	6	f
13	Chocolate	Очень шоколадный	арахисовое масло, ваниль, малина	клубника, манго	дробленый арахис, брауни, гранола, шоколадные чипсы	шоколад, карамель	935e26	13	2012-11-07 14:37:42.702381	2013-03-04 06:02:49.808418	13	f
14	Chocolate_Coffee_Bean	Кофейные зерна в шоколаде	ваниль, шоколад	банан, вишня	миндаль, ореховая смесь	шоколад	935e26	10	2012-11-07 14:37:42.705759	2013-03-04 06:02:49.802802	14	f
16	Chocolate_Rasberry	Малина в шоколаде	шоколад, черника, малина	голубика, ежевика, манго	шоколадные чипсы, кусочки белого шоколада	клубника	935e26	6	2012-11-07 14:37:42.712111	2013-03-04 06:02:49.782452	16	f
7	Black_Cherry	Черная вишня	шоколад, ваниль, классический	вишня, голубика	шоколадные чипсы, миндаль, гранола	карамель, шоколад	55100f	27	2012-11-07 14:37:42.680898	2013-03-04 06:02:49.771026	7	f
17	Chocolate_Strawberry	Клубника в шоколаде	шоколад, голубика, малина	голубика, ежевика, манго	шоколадные чипсы, кусочки белого шоколада	клубника	935e26	7	2012-11-07 14:37:42.715808	2013-03-04 06:02:49.805595	17	f
19	Coconut	Кокос	ананас, ваниль	ананас, дыня, манго	кокос, дробленый арахис, ореховая смесь, мини M&M	карамель, шоколад	935e26	26	2012-11-07 14:37:42.724037	2013-03-04 06:02:49.795715	19	f
9	Cappuccino	Капучино	ваниль, печенье со сливочным кремом, шоколад	банан, вишня	миндаль, ореховая смесь	шоколад	e78d33	22	2012-11-07 14:37:42.688361	2013-03-04 06:02:49.777896	9	f
20	Coffee	Кофе	ваниль, шоколад	банан, вишня	миндаль, ореховая смесь	шоколад	935e26	5	2012-11-07 14:37:42.72748	2013-03-04 06:02:49.780954	20	f
27	Lemon	Лемон	апельсин, классический, клубника	ананас, клубника, малина	гранола, йогуртовые чипсы, фруктовый мармелад	клубника, манго, шоколад	bbb632	12	2012-11-07 14:37:42.753678	2013-03-04 06:02:49.776392	27	f
29	Mango	Манго	клубника, персик, классический	клубника, киви, дыня	брауни, мини М&M	манго, клубника	e46e31	18	2012-11-07 14:37:42.76178	2013-03-04 06:02:49.804182	29	f
26	Kiwi	Киви	клубника, классчический	клубника, киви, ежевика	мотчи	клубника, сгущенное молоко	66ae45	3	2012-11-07 14:37:42.750146	2013-03-04 06:02:49.792797	26	f
21	CreamyFruit	Сливочные фрукты	киви, клубника, классический, апельсиновый	ананас, клубника	кокос, манго, фруктовый мармелад	сгущенное молоко, клубника, манго	c7b12e	15	2012-11-07 14:37:42.731514	2013-03-04 06:02:49.794203	21	f
12	Chestnut	Каштан	шоколад, ваниль, банан	клубника, манго, яблоко	миндаль, кокос, дробленый арахис	шоколад, клубника	783521	7	2012-11-07 14:37:42.699056	2013-03-04 06:02:49.798575	12	f
8	Blueberry	Черника	классический, клубника, малина	голубика, клубника, киви	мотчи, ореховая смесь, кокос	клубника, шоколад	4a5d91	23	2012-11-07 14:37:42.684563	2013-03-04 06:02:49.80001	8	f
18	Cinnamon_Cookie	Печенье с корицей	зеленое яблоко, ваниль, банан	банан, клубника, голубика	ореховая смесь, дробленый арахис, йогуртовые чипсы	карамель, шоколад	935e26	16	2012-11-07 14:37:42.719637	2013-03-04 06:02:49.788276	18	f
24	Green_Tea	Зеленый чай	ваниль, банан, таро	голубика, ежевика	фруктовый мармелад, шоколад, миндальные лепестки	сгущенное молоко	7f953b	27	2012-11-07 14:37:42.742614	2013-03-04 06:02:49.789957	24	f
23	Green_Apple	Зеленое яблоко	ананас, клубника	яблоко, ананас, клубника, киви	ореховая смесь, дробленый арахис, миндаль	карамель, клубника, шоколад	7f953b	25	2012-11-07 14:37:42.739238	2013-03-04 06:02:49.769318	23	f
25	Guava	Гуава	клубника, мотчи	\N	\N	\N	b3b435	22	2012-11-07 14:37:42.746265	2013-03-04 06:02:49.783993	25	f
28	Lychee	Личи	классический, зеленое яблоко, ананас	клубника, ананас, малина	мотчи, вишня, фруктовый мармелад	сгущенное молоко, карамель	e43486	16	2012-11-07 14:37:42.757643	2013-03-04 06:02:49.785398	28	f
40	Pineapple	Ананас	киви, клубника, классический, апельсин	ананас, клубника	кокос, фруктовый мармелад	сгущенное молоко, клубника, манго	c7b12e	5	2012-11-07 14:37:42.809063	2013-03-04 06:02:49.814082	40	f
39	Pina_Colada	Пина Колада	ананас, кокос, киви	ананас, клубника, манго	дробленый арахис, кокос	ананас, сгущенное молоко, манго	b9862c	17	2012-11-07 14:37:42.805222	2013-03-04 06:02:49.822696	39	f
43	Raspberry	Малина	классический, клубника, персик	клубника, ананас, голубика	мотчи, гранола	клубника, киви	ef472c	10	2012-11-07 14:37:42.821719	2013-03-04 06:02:49.816962	43	f
50	Vanilla	Ваниль	шоколад, банан, миндаль	малина, ежевика	шоколадные чипсы, дробленый арахис	шоколад, карамель	818182	16	2012-11-07 14:37:42.845594	2013-03-04 06:02:49.832058	50	f
47	Strawberry	Земляничная поляна	классический, киви, персик	клубника, банан, ананас	мотчи, гранола	клубника, киви	aa303f	18	2012-11-07 14:37:42.835241	2013-03-04 06:02:49.812697	47	f
45	Royal_Velvet	Королевский бархат	шоколад, черника, капучино	клубника, ежевика, манго	шоколадные чипсы, кусочки белого шоколада	манго	d22034	13	2012-11-07 14:37:42.828003	2013-03-04 06:02:49.819907	45	f
42	Pomegranate	Гранат	классический, киви, апельсин	клубника, банан, ананас	мотчи, гранола, фруктовый мармелад	клубника, киви	bd414c	7	2012-11-07 14:37:42.817479	2013-03-04 06:02:49.818346	42	f
49	Tutti_Frutti	Тутти Фрутти	классический, клубника, малина	клубника, манго, малина	мотчи, фруктовый мармелад	клубника, лимон	6f6f6f	23	2012-11-07 14:37:42.842041	2013-03-04 06:02:49.839094	49	f
5	Banana	Банан	шоколад, клубника, капучино 	клубника, банан, ананас	дробленый арахис, мотчи, мини M&M	шоколад, клубника	c8ba2e	27	2012-11-07 14:37:42.674507	2013-03-05 15:53:04.075118	5	t
51	Watermelon	Арбуз	лимон, клубника	клубника, арбуз	фруктовый мармелад	клубника	e34f4e	26	2012-11-07 14:37:42.849345	2013-03-04 06:02:49.830714	51	f
34	Orange	Апельсин	банан, классический, ананас	ананас, банан	фруктовый мармелад	лимон, персик	f58022	23	2012-11-07 14:37:42.783637	2013-03-04 06:02:49.833449	34	f
33	NSA_Cinnamon_Bun	Булочка с корицей (не содержит сахара)	зеленое яблоко, ваниль, банан	банан, клубника, голубика	ореховая смесь, дробленый арахис, йогуртовые чипсы	карамель, шоколад	935e26	22	2012-11-07 14:37:42.779162	2013-03-04 06:02:49.825603	33	f
46	Salted_Caramel	Соленая карамель	шоколад, ваниль, банан	клубника, манго, яблоко	миндаль, кокос, дробленый арахис	шоколад, клубника	935e25	32	2012-11-07 14:37:42.831345	2013-03-04 06:02:49.824052	46	f
48	TripleBerry	Три ягоды	классический, клубника, малина	клубника, манго, малина	мотчи, фруктовый мармелад	клубника, лимон	ab303f	11	2012-11-07 14:37:42.838761	2013-03-04 06:02:49.827282	48	f
38	Peanut_Butter	Арахисовое масло	шоколад, печенье со сливочным кремом	яблоко, ежевика, банан	дробленый арахис, ореховая смесь	шоколад, клубника 	cf8029	11	2012-11-07 14:37:42.800805	2013-03-05 15:53:04.267496	38	t
37	Peach	Персик	клубника, манго, классический	голубика, киви, манго	фруктовый мармелад, мини М&M	манго, клубника	b9862c	9	2012-11-07 14:37:42.796883	2013-03-04 06:02:49.821324	37	f
32	MixedFruits	Фруктовый микс	киви, клубника, классический, апельсин	ананас, клубника	кокос, фруктовый мармелад	сгущенное молоко, клубника, манго	f47621	10	2012-11-07 14:37:42.775167	2013-03-04 06:02:49.834849	32	f
11	Cherry_Amaretto	Вишня Амаретто	шоколад, ваниль, классический	вишня, голубика	шоколадные чипсы, миндаль, гранола	шоколад, карамель	d22034	24	2012-11-07 14:37:42.6952	2013-03-04 06:02:49.87989	2	f
2	Acai_Berry	Асаи ягоды	классический, клубника, малина	голубика, клубника, киви	мотчи, ореховая смесь, кокос	клубника, шоколад, лимон	002157	27	2012-11-07 14:37:42.650781	2013-03-04 06:02:49.877341	53	f
53	Oreo	Печенье с кремом	шоколад, ваниль, арахисовое масло	клубника, манго	брауни, кусочки печенья, мармеладные мишки	шоколад, карамель	935e26	12	2013-03-05 15:51:33.51235	2013-03-05 16:33:36.183517	52	f
35	Papaya	Папайя	манго, клубника, малина	дыня, малина, ежевика	дробленый арахис, фруктовый мармелад, йогуртовые чипсы	манго, клубника, сгущенное молоко	f8972b	10	2012-11-07 14:37:42.788207	2013-03-04 06:02:49.815518	35	f
36	Passion	Маракуйя	лимон, апельсин, клубника	клубника, ананас, киви	фруктовый мармелад	манго, клубника, лимон	7f3725	11	2012-11-07 14:37:42.792707	2013-03-04 06:02:49.836227	36	f
1	Original	Классический	клубника, черника, зеленое яблоко	клубника, манго, киви, ежевика	мотчи, ореховая смесь	ананас, лимон	818182	34	2012-11-07 14:37:42.62537	2013-03-04 06:02:49.84056	1	f
31	Mint	Мята	шоколад, фисташки, печенье со сливочным кремом	киви, голубика	крошка печенья «Орео», темный шоколад	шоколад, сгущенное молоко	e46e31	22	2012-11-07 14:37:42.770666	2013-03-04 06:02:49.828928	31	f
54	Blueberry_Cheese_Cake	Черничный чизкейк	классический, клубника, малина	голубика, клубника, киви	мотчи, ореховая смесь, кокос	клубника, шоколад	4a5d91	9	2013-03-05 15:51:43.0762	2013-03-05 15:51:43.0762	11	f
41	Pistachio	Фисташки	печенье со сливочным кремом, ваниль, банан	клубника, манго, яблоко	миндаль, дробленый арахис, ореховая смесь	шоколад, клубника	989034	16	2012-11-07 14:37:42.813587	2013-03-04 06:02:49.837619	41	f
15	Chocolate_Mint	Мятный шоколад	шоколад, клубника, миндаль	клубника, киви, ананас	миндальные лепестки, ореховая смесь, брауни, шоколадная крошка	шоколад, карамель	6da442	19	2012-11-07 14:37:42.708938	2013-03-04 06:02:49.786802	15	f
\.


--
-- Data for Name: users; Type: TABLE DATA; Schema: public; Owner: root
--

COPY users (id, provider, uid, created_at, updated_at) FROM stdin;
1	facebook	1550402759	2012-12-24 01:15:36.950303	2012-12-24 01:15:36.950303
2	facebook	1468464002	2012-12-24 01:21:17.565248	2012-12-24 01:21:17.565248
3	vkontakte	1264501	2012-12-24 01:30:46.854947	2012-12-24 01:30:46.854947
4	vkontakte	824675	2012-12-24 05:04:50.53704	2012-12-24 05:04:50.53704
5	vkontakte	65740152	2012-12-27 09:13:43.662289	2012-12-27 09:13:43.662289
6	facebook	100001445117042	2012-12-30 12:12:20.755034	2012-12-30 12:12:20.755034
7	vkontakte	147606471	2013-01-01 08:45:28.772245	2013-01-01 08:45:28.772245
8	facebook	100000512121433	2013-01-05 13:08:17.150055	2013-01-05 13:08:17.150055
9	facebook	100000463293932	2013-01-05 19:33:22.355814	2013-01-05 19:33:22.355814
10	vkontakte	1179588	2013-01-07 15:14:15.503401	2013-01-07 15:14:15.503401
11	vkontakte	4414561	2013-01-16 10:49:45.111239	2013-01-16 10:49:45.111239
12	vkontakte	134812282	2013-01-18 05:20:19.899472	2013-01-18 05:20:19.899472
13	vkontakte	95477872	2013-01-29 15:00:30.791986	2013-01-29 15:00:30.791986
14	facebook	100001631407376	2013-02-02 09:07:10.261244	2013-02-02 09:07:10.261244
15	vkontakte	1923573	2013-02-09 12:27:11.980258	2013-02-09 12:27:11.980258
16	facebook	100001228731292	2013-02-11 11:20:02.362723	2013-02-11 11:20:02.362723
17	facebook	100000458394974	2013-02-25 10:19:04.492749	2013-02-25 10:19:04.492749
18	facebook	100000043480996	2013-02-28 07:28:52.145088	2013-02-28 07:28:52.145088
19	facebook	1678627131	2013-03-01 09:16:08.589293	2013-03-01 09:16:08.589293
20	facebook	786606498	2013-03-04 19:00:08.754741	2013-03-04 19:00:08.754741
21	vkontakte	4333077	2013-03-09 09:49:06.064233	2013-03-09 09:49:06.064233
22	vkontakte	30380454	2013-03-09 17:29:54.22413	2013-03-09 17:29:54.22413
23	vkontakte	25027	2013-03-10 12:20:59.157069	2013-03-10 12:20:59.157069
24	vkontakte	141376560	2013-03-18 11:39:40.339582	2013-03-18 11:39:40.339582
25	facebook	100000933583760	2013-03-23 19:57:27.85608	2013-03-23 19:57:27.85608
26	vkontakte	34010813	2013-03-26 08:14:11.695199	2013-03-26 08:14:11.695199
27	vkontakte	101943838	2013-03-29 11:37:44.310337	2013-03-29 11:37:44.310337
28	vkontakte	17203212	2013-04-04 21:16:35.681938	2013-04-04 21:16:35.681938
29	facebook	1653496126	2013-04-08 12:13:51.853552	2013-04-08 12:13:51.853552
30	facebook	100002028006552	2013-04-09 10:16:51.674678	2013-04-09 10:16:51.674678
31	vkontakte	2516656	2013-04-14 06:20:04.90463	2013-04-14 06:20:04.90463
32	vkontakte	14280518	2013-04-14 06:48:15.473458	2013-04-14 06:48:15.473458
33	vkontakte	13575225	2013-04-24 16:43:54.422813	2013-04-24 16:43:54.422813
34	vkontakte	105697859	2013-04-30 12:09:46.143798	2013-04-30 12:09:46.143798
35	facebook	100001890313566	2013-05-05 16:26:12.846592	2013-05-05 16:26:12.846592
36	facebook	100001767336869	2013-05-05 16:37:08.218936	2013-05-05 16:37:08.218936
37	vkontakte	53299452	2013-05-08 17:24:09.493285	2013-05-08 17:24:09.493285
38	vkontakte	36288556	2013-05-10 14:04:34.43097	2013-05-10 14:04:34.43097
39	vkontakte	732147	2013-05-17 18:13:47.682456	2013-05-17 18:13:47.682456
40	vkontakte	3296877	2013-05-22 17:24:24.930569	2013-05-22 17:24:24.930569
41	vkontakte	47200122	2013-05-28 07:27:54.455966	2013-05-28 07:27:54.455966
42	vkontakte	1200450	2013-05-28 09:59:05.024817	2013-05-28 09:59:05.024817
43	vkontakte	83348149	2013-05-28 16:29:51.555228	2013-05-28 16:29:51.555228
44	facebook	1396429127	2013-05-30 13:37:39.277604	2013-05-30 13:37:39.277604
45	vkontakte	185677087	2013-05-30 15:23:30.22521	2013-05-30 15:23:30.22521
46	vkontakte	116141130	2013-05-30 16:39:52.81788	2013-05-30 16:39:52.81788
47	vkontakte	102932722	2013-05-30 17:02:50.746608	2013-05-30 17:02:50.746608
48	vkontakte	790240	2013-05-30 18:11:08.370374	2013-05-30 18:11:08.370374
49	vkontakte	168839081	2013-05-31 09:39:35.656643	2013-05-31 09:39:35.656643
50	facebook	100003288082985	2013-05-31 11:20:55.272732	2013-05-31 11:20:55.272732
51	vkontakte	121381018	2013-05-31 16:55:30.029491	2013-05-31 16:55:30.029491
52	vkontakte	49594508	2013-06-02 09:23:58.814554	2013-06-02 09:23:58.814554
53	vkontakte	62661996	2013-06-02 18:13:38.335018	2013-06-02 18:13:38.335018
54	vkontakte	173858521	2013-06-03 19:54:27.367338	2013-06-03 19:54:27.367338
55	vkontakte	1833769	2013-06-04 10:07:29.259466	2013-06-04 10:07:29.259466
56	vkontakte	39865402	2013-06-05 17:05:34.706082	2013-06-05 17:05:34.706082
57	vkontakte	3128147	2013-06-06 10:51:16.175438	2013-06-06 10:51:16.175438
58	facebook	100003375801402	2013-06-09 19:09:54.093867	2013-06-09 19:09:54.093867
59	vkontakte	16653569	2013-06-12 07:17:05.15078	2013-06-12 07:17:05.15078
60	facebook	100000864804559	2013-06-13 08:37:34.309748	2013-06-13 08:37:34.309748
61	vkontakte	30419322	2013-06-18 07:42:02.712302	2013-06-18 07:42:02.712302
62	vkontakte	182596	2013-06-23 08:38:21.265611	2013-06-23 08:38:21.265611
63	vkontakte	150263288	2013-06-26 11:38:17.242978	2013-06-26 11:38:17.242978
64	vkontakte	205037630	2013-06-27 22:08:11.325553	2013-06-27 22:08:11.325553
65	vkontakte	4486764	2013-06-30 05:10:57.809403	2013-06-30 05:10:57.809403
66	vkontakte	3530575	2013-06-30 18:58:22.414563	2013-06-30 18:58:22.414563
67	vkontakte	70501490	2013-07-01 10:50:38.231759	2013-07-01 10:50:38.231759
68	vkontakte	169264529	2013-07-02 10:29:32.069084	2013-07-02 10:29:32.069084
69	vkontakte	155671018	2013-07-02 20:29:16.729557	2013-07-02 20:29:16.729557
70	vkontakte	160554207	2013-07-04 17:44:50.007996	2013-07-04 17:44:50.007996
71	vkontakte	156246089	2013-07-04 19:20:50.593325	2013-07-04 19:20:50.593325
72	vkontakte	8863250	2013-07-05 08:46:33.513451	2013-07-05 08:46:33.513451
73	vkontakte	51644087	2013-07-06 22:23:49.315408	2013-07-06 22:23:49.315408
74	facebook	100001439172071	2013-07-07 14:31:41.676601	2013-07-07 14:31:41.676601
75	facebook	100002578136189	2013-07-07 17:38:04.583995	2013-07-07 17:38:04.583995
76	vkontakte	2382151	2013-07-08 09:55:28.901562	2013-07-08 09:55:28.901562
77	vkontakte	3567736	2013-07-09 13:39:07.107877	2013-07-09 13:39:07.107877
78	vkontakte	240265	2013-07-10 16:46:48.441424	2013-07-10 16:46:48.441424
79	vkontakte	10236207	2013-07-11 19:05:06.582243	2013-07-11 19:05:06.582243
80	vkontakte	52552558	2013-07-12 10:37:53.6323	2013-07-12 10:37:53.6323
81	vkontakte	182067084	2013-07-15 07:39:33.514928	2013-07-15 07:39:33.514928
82	vkontakte	93165283	2013-07-19 13:55:12.66265	2013-07-19 13:55:12.66265
83	vkontakte	22456128	2013-07-19 16:08:39.136571	2013-07-19 16:08:39.136571
84	vkontakte	215023961	2013-07-20 19:34:38.494525	2013-07-20 19:34:38.494525
85	vkontakte	215583273	2013-07-22 17:33:05.467812	2013-07-22 17:33:05.467812
86	vkontakte	183151279	2013-07-26 13:30:29.782836	2013-07-26 13:30:29.782836
87	facebook	100001081313410	2013-07-27 15:34:35.965259	2013-07-27 15:34:35.965259
88	vkontakte	9253624	2013-07-27 18:47:14.950123	2013-07-27 18:47:14.950123
89	vkontakte	51547410	2013-07-27 18:52:44.922354	2013-07-27 18:52:44.922354
90	vkontakte	110249744	2013-08-03 08:20:44.237507	2013-08-03 08:20:44.237507
91	vkontakte	39100757	2013-08-04 09:26:20.670168	2013-08-04 09:26:20.670168
92	facebook	100002154594892	2013-08-04 14:38:34.735898	2013-08-04 14:38:34.735898
93	vkontakte	7451988	2013-08-04 14:57:13.218088	2013-08-04 14:57:13.218088
94	vkontakte	38101780	2013-08-04 21:12:24.436411	2013-08-04 21:12:24.436411
95	vkontakte	10455645	2013-08-05 15:07:49.423361	2013-08-05 15:07:49.423361
96	facebook	1426064599	2013-08-05 19:45:59.720123	2013-08-05 19:45:59.720123
97	vkontakte	143700464	2013-08-07 06:56:50.563733	2013-08-07 06:56:50.563733
98	vkontakte	28485249	2013-08-07 14:50:48.337078	2013-08-07 14:50:48.337078
99	vkontakte	121300839	2013-08-08 18:36:07.095164	2013-08-08 18:36:07.095164
100	facebook	100003248326753	2013-08-10 13:42:09.595214	2013-08-10 13:42:09.595214
101	vkontakte	96602591	2013-08-11 09:44:55.836499	2013-08-11 09:44:55.836499
102	vkontakte	208761666	2013-08-14 18:45:43.869566	2013-08-14 18:45:43.869566
103	vkontakte	9509029	2013-08-15 13:52:57.812311	2013-08-15 13:52:57.812311
104	vkontakte	968818	2013-08-16 13:53:43.071468	2013-08-16 13:53:43.071468
105	vkontakte	6427494	2013-08-16 18:40:41.04355	2013-08-16 18:40:41.04355
106	vkontakte	213314304	2013-08-16 20:48:02.749863	2013-08-16 20:48:02.749863
107	vkontakte	215523952	2013-08-17 03:55:03.986852	2013-08-17 03:55:03.986852
108	vkontakte	171157479	2013-08-18 15:43:52.181627	2013-08-18 15:43:52.181627
109	facebook	100005234793826	2013-08-20 13:52:42.133647	2013-08-20 13:52:42.133647
110	vkontakte	45665886	2013-08-20 14:05:24.995652	2013-08-20 14:05:24.995652
111	vkontakte	8178304	2013-08-20 16:11:51.238058	2013-08-20 16:11:51.238058
112	vkontakte	135227	2013-08-21 10:54:28.287534	2013-08-21 10:54:28.287534
113	facebook	100000904789861	2013-08-22 14:08:26.518825	2013-08-22 14:08:26.518825
114	vkontakte	169893079	2013-08-23 05:39:59.672895	2013-08-23 05:39:59.672895
115	facebook	100004449515393	2013-08-23 15:57:43.263421	2013-08-23 15:57:43.263421
116	vkontakte	221399836	2013-08-24 08:45:47.207604	2013-08-24 08:45:47.207604
117	vkontakte	2112411	2013-08-25 09:58:21.889707	2013-08-25 09:58:21.889707
118	vkontakte	34151150	2013-08-26 13:18:18.631912	2013-08-26 13:18:18.631912
119	facebook	100003006035063	2013-08-27 14:41:39.583425	2013-08-27 14:41:39.583425
120	vkontakte	31516846	2013-08-27 19:29:33.585906	2013-08-27 19:29:33.585906
\.


--
-- Data for Name: votes; Type: TABLE DATA; Schema: public; Owner: root
--

COPY votes (id, user_id, taste_id, created_at, updated_at) FROM stdin;
1	1	2	2012-12-24 01:15:43.964506	2012-12-24 01:15:43.964506
2	1	4	2012-12-24 01:15:48.438525	2012-12-24 01:15:48.438525
3	1	1	2012-12-24 01:20:13.665415	2012-12-24 01:20:13.665415
4	7	8	2013-01-01 08:45:39.310308	2013-01-01 08:45:39.310308
5	7	51	2013-01-01 08:46:02.325616	2013-01-01 08:46:02.325616
6	7	41	2013-01-01 08:46:07.603771	2013-01-01 08:46:07.603771
7	7	22	2013-01-01 08:46:15.758345	2013-01-01 08:46:15.758345
8	7	2	2013-01-01 08:46:31.695113	2013-01-01 08:46:31.695113
9	7	13	2013-01-01 08:47:03.073744	2013-01-01 08:47:03.073744
10	7	47	2013-01-01 08:47:06.694483	2013-01-01 08:47:06.694483
11	7	9	2013-01-01 08:47:12.33023	2013-01-01 08:47:12.33023
12	7	23	2013-01-01 08:47:17.662157	2013-01-01 08:47:17.662157
13	7	7	2013-01-02 16:21:59.850159	2013-01-02 16:21:59.850159
14	7	46	2013-01-02 16:22:23.383458	2013-01-02 16:22:23.383458
15	7	43	2013-01-02 16:22:31.814987	2013-01-02 16:22:31.814987
16	7	49	2013-01-02 16:22:34.603654	2013-01-02 16:22:34.603654
17	8	1	2013-01-05 13:08:26.369297	2013-01-05 13:08:26.369297
18	8	24	2013-01-05 13:08:36.438933	2013-01-05 13:08:36.438933
19	8	49	2013-01-05 13:08:46.896529	2013-01-05 13:08:46.896529
20	8	35	2013-01-05 13:08:57.294989	2013-01-05 13:08:57.294989
21	8	29	2013-01-05 13:09:10.076506	2013-01-05 13:09:10.076506
22	8	36	2013-01-05 13:10:16.386474	2013-01-05 13:10:16.386474
23	8	9	2013-01-05 13:10:38.973491	2013-01-05 13:10:38.973491
24	8	20	2013-01-05 13:11:06.71108	2013-01-05 13:11:06.71108
25	8	43	2013-01-05 13:11:49.706395	2013-01-05 13:11:49.706395
26	8	25	2013-01-05 13:11:58.425997	2013-01-05 13:11:58.425997
27	8	28	2013-01-05 13:12:04.764391	2013-01-05 13:12:04.764391
28	8	8	2013-01-05 13:12:21.037403	2013-01-05 13:12:21.037403
29	9	15	2013-01-05 19:33:59.124412	2013-01-05 19:33:59.124412
30	9	18	2013-01-05 19:34:10.48985	2013-01-05 19:34:10.48985
31	9	24	2013-01-05 19:34:15.19672	2013-01-05 19:34:15.19672
32	9	39	2013-01-05 19:34:30.329994	2013-01-05 19:34:30.329994
33	9	50	2013-01-05 19:34:39.512933	2013-01-05 19:34:39.512933
34	9	11	2013-01-05 19:34:55.883875	2013-01-05 19:34:55.883875
35	9	5	2013-01-05 19:34:58.980076	2013-01-05 19:34:58.980076
36	9	3	2013-01-05 19:35:11.351166	2013-01-05 19:35:11.351166
37	9	12	2013-01-05 19:35:21.418018	2013-01-05 19:35:21.418018
38	9	29	2013-01-05 19:35:30.018735	2013-01-05 19:35:30.018735
39	9	37	2013-01-05 19:35:37.622791	2013-01-05 19:35:37.622791
40	9	46	2013-01-05 19:35:45.480564	2013-01-05 19:35:45.480564
41	3	1	2013-01-06 02:07:21.284849	2013-01-06 02:07:21.284849
42	3	8	2013-01-06 02:07:30.394408	2013-01-06 02:07:30.394408
43	3	39	2013-01-06 02:07:50.3138	2013-01-06 02:07:50.3138
44	10	46	2013-01-07 15:14:57.478969	2013-01-07 15:14:57.478969
45	11	48	2013-01-16 10:50:17.486635	2013-01-16 10:50:17.486635
46	11	1	2013-01-16 10:50:24.862967	2013-01-16 10:50:24.862967
47	11	50	2013-01-16 10:50:50.961835	2013-01-16 10:50:50.961835
48	11	34	2013-01-16 10:51:15.168318	2013-01-16 10:51:15.168318
49	13	3	2013-01-29 15:01:11.613054	2013-01-29 15:01:11.613054
50	13	32	2013-01-29 15:01:41.567228	2013-01-29 15:01:41.567228
51	13	36	2013-01-29 15:01:59.291652	2013-01-29 15:01:59.291652
52	13	41	2013-01-29 15:02:38.545286	2013-01-29 15:02:38.545286
53	13	49	2013-01-29 15:02:52.163636	2013-01-29 15:02:52.163636
54	18	29	2013-02-28 07:43:55.096429	2013-02-28 07:43:55.096429
55	18	17	2013-02-28 12:52:29.224876	2013-02-28 12:52:29.224876
56	18	1	2013-02-28 12:53:02.101737	2013-02-28 12:53:02.101737
57	19	38	2013-03-01 09:17:14.886971	2013-03-01 09:17:14.886971
58	21	15	2013-03-09 09:49:15.630022	2013-03-09 09:49:15.630022
59	21	41	2013-03-09 09:49:25.074119	2013-03-09 09:49:25.074119
60	21	38	2013-03-09 09:49:31.860324	2013-03-09 09:49:31.860324
61	21	45	2013-03-09 09:49:42.623402	2013-03-09 09:49:42.623402
62	21	31	2013-03-09 09:49:51.387983	2013-03-09 09:49:51.387983
63	21	6	2013-03-09 09:50:05.669782	2013-03-09 09:50:05.669782
64	28	19	2013-04-04 21:16:53.047123	2013-04-04 21:16:53.047123
65	28	28	2013-04-04 21:16:58.896347	2013-04-04 21:16:58.896347
66	28	41	2013-04-04 21:17:02.937175	2013-04-04 21:17:02.937175
67	28	50	2013-04-04 21:17:15.959345	2013-04-04 21:17:15.959345
68	29	11	2013-04-08 12:14:04.705461	2013-04-08 12:14:04.705461
69	29	24	2013-04-08 12:14:28.71867	2013-04-08 12:14:28.71867
70	29	22	2013-04-08 12:14:33.161437	2013-04-08 12:14:33.161437
71	29	31	2013-04-08 12:14:40.426284	2013-04-08 12:14:40.426284
72	29	33	2013-04-08 12:14:45.26919	2013-04-08 12:14:45.26919
73	29	34	2013-04-08 12:14:50.689652	2013-04-08 12:14:50.689652
74	29	45	2013-04-08 12:14:58.481699	2013-04-08 12:14:58.481699
75	29	46	2013-04-08 12:15:01.329156	2013-04-08 12:15:01.329156
76	29	50	2013-04-08 12:15:04.311411	2013-04-08 12:15:04.311411
77	29	51	2013-04-08 12:15:09.752087	2013-04-08 12:15:09.752087
78	29	30	2013-04-08 12:15:20.911092	2013-04-08 12:15:20.911092
79	29	25	2013-04-08 12:15:24.12681	2013-04-08 12:15:24.12681
80	30	22	2013-04-09 10:17:07.296151	2013-04-09 10:17:07.296151
81	30	54	2013-04-09 10:17:24.50742	2013-04-09 10:17:24.50742
82	30	5	2013-04-09 10:17:37.314045	2013-04-09 10:17:37.314045
83	31	7	2013-04-14 06:21:35.128283	2013-04-14 06:21:35.128283
84	31	45	2013-04-14 06:22:42.084952	2013-04-14 06:22:42.084952
85	31	4	2013-04-14 06:23:26.870696	2013-04-14 06:23:26.870696
86	31	28	2013-04-14 06:23:54.883269	2013-04-14 06:23:54.883269
87	31	5	2013-04-14 06:24:09.373904	2013-04-14 06:24:09.373904
88	31	16	2013-04-14 06:24:58.846917	2013-04-14 06:24:58.846917
89	31	34	2013-04-14 06:29:57.118862	2013-04-14 06:29:57.118862
90	31	22	2013-04-14 06:30:09.582592	2013-04-14 06:30:09.582592
91	31	15	2013-04-14 06:30:16.389978	2013-04-14 06:30:16.389978
92	31	32	2013-04-14 06:30:31.287067	2013-04-14 06:30:31.287067
93	31	48	2013-04-14 06:30:41.569262	2013-04-14 06:30:41.569262
94	31	49	2013-04-14 06:30:46.805616	2013-04-14 06:30:46.805616
95	31	51	2013-04-14 06:30:54.488519	2013-04-14 06:30:54.488519
96	31	2	2013-04-14 06:30:59.159642	2013-04-14 06:30:59.159642
97	31	53	2013-04-14 06:31:05.088466	2013-04-14 06:31:05.088466
98	35	11	2013-05-05 16:26:28.051381	2013-05-05 16:26:28.051381
99	35	7	2013-05-05 16:26:37.492655	2013-05-05 16:26:37.492655
100	35	8	2013-05-05 16:26:41.478104	2013-05-05 16:26:41.478104
101	35	19	2013-05-05 16:26:46.300661	2013-05-05 16:26:46.300661
102	35	24	2013-05-05 16:26:51.230686	2013-05-05 16:26:51.230686
103	35	23	2013-05-05 16:26:53.626453	2013-05-05 16:26:53.626453
104	35	22	2013-05-05 16:26:56.120743	2013-05-05 16:26:56.120743
105	35	31	2013-05-05 16:27:03.93968	2013-05-05 16:27:03.93968
106	35	51	2013-05-05 16:27:29.517876	2013-05-05 16:27:29.517876
107	35	2	2013-05-05 16:27:31.799289	2013-05-05 16:27:31.799289
108	35	5	2013-05-05 16:27:35.2411	2013-05-05 16:27:35.2411
109	36	1	2013-05-05 16:37:17.47848	2013-05-05 16:37:17.47848
110	36	11	2013-05-05 16:37:24.707436	2013-05-05 16:37:24.707436
111	36	3	2013-05-05 16:37:30.491971	2013-05-05 16:37:30.491971
112	36	4	2013-05-05 16:37:36.392272	2013-05-05 16:37:36.392272
113	36	6	2013-05-05 16:37:40.267585	2013-05-05 16:37:40.267585
114	36	7	2013-05-05 16:37:43.571159	2013-05-05 16:37:43.571159
115	36	8	2013-05-05 16:37:46.428882	2013-05-05 16:37:46.428882
116	36	9	2013-05-05 16:37:48.628969	2013-05-05 16:37:48.628969
117	36	10	2013-05-05 16:37:50.808237	2013-05-05 16:37:50.808237
118	36	54	2013-05-05 16:37:53.562858	2013-05-05 16:37:53.562858
119	36	12	2013-05-05 16:37:56.534792	2013-05-05 16:37:56.534792
120	36	14	2013-05-05 16:38:02.370103	2013-05-05 16:38:02.370103
121	36	15	2013-05-05 16:38:04.872851	2013-05-05 16:38:04.872851
122	36	18	2013-05-05 16:38:10.710238	2013-05-05 16:38:10.710238
123	36	19	2013-05-05 16:38:17.44088	2013-05-05 16:38:17.44088
124	36	20	2013-05-05 16:38:21.246055	2013-05-05 16:38:21.246055
125	36	24	2013-05-05 16:38:28.21811	2013-05-05 16:38:28.21811
126	36	25	2013-05-05 16:38:33.614033	2013-05-05 16:38:33.614033
127	36	28	2013-05-05 16:38:38.659522	2013-05-05 16:38:38.659522
128	36	29	2013-05-05 16:38:41.299841	2013-05-05 16:38:41.299841
129	36	30	2013-05-05 16:38:43.678727	2013-05-05 16:38:43.678727
130	36	31	2013-05-05 16:38:46.209645	2013-05-05 16:38:46.209645
131	36	33	2013-05-05 16:38:52.600994	2013-05-05 16:38:52.600994
132	36	34	2013-05-05 16:38:56.437781	2013-05-05 16:38:56.437781
133	36	35	2013-05-05 16:38:58.627304	2013-05-05 16:38:58.627304
134	36	36	2013-05-05 16:39:00.945678	2013-05-05 16:39:00.945678
135	36	37	2013-05-05 16:39:03.243043	2013-05-05 16:39:03.243043
136	36	39	2013-05-05 16:39:05.531892	2013-05-05 16:39:05.531892
137	36	41	2013-05-05 16:39:09.70013	2013-05-05 16:39:09.70013
138	36	45	2013-05-05 16:39:18.504669	2013-05-05 16:39:18.504669
139	36	46	2013-05-05 16:39:21.721023	2013-05-05 16:39:21.721023
140	36	50	2013-05-05 16:39:28.466962	2013-05-05 16:39:28.466962
141	36	51	2013-05-05 16:39:31.371471	2013-05-05 16:39:31.371471
142	36	53	2013-05-05 16:39:34.166663	2013-05-05 16:39:34.166663
143	36	2	2013-05-05 16:39:36.568246	2013-05-05 16:39:36.568246
144	37	23	2013-05-08 17:26:49.649538	2013-05-08 17:26:49.649538
145	37	33	2013-05-08 17:26:56.900952	2013-05-08 17:26:56.900952
146	37	51	2013-05-08 17:27:02.307379	2013-05-08 17:27:02.307379
147	37	49	2013-05-08 17:27:05.529929	2013-05-08 17:27:05.529929
148	37	46	2013-05-08 17:27:10.243161	2013-05-08 17:27:10.243161
149	37	39	2013-05-08 17:27:14.102081	2013-05-08 17:27:14.102081
150	37	22	2013-05-08 17:27:18.873347	2013-05-08 17:27:18.873347
151	37	18	2013-05-08 17:27:24.721222	2013-05-08 17:27:24.721222
152	37	8	2013-05-08 17:27:27.627476	2013-05-08 17:27:27.627476
153	37	7	2013-05-08 17:27:30.911407	2013-05-08 17:27:30.911407
158	38	41	2013-05-10 14:05:44.773312	2013-05-10 14:05:44.773312
159	38	28	2013-05-10 14:05:52.658835	2013-05-10 14:05:52.658835
160	38	8	2013-05-10 14:05:59.740725	2013-05-10 14:05:59.740725
161	38	3	2013-05-10 14:06:12.574074	2013-05-10 14:06:12.574074
162	38	37	2013-05-10 14:06:40.663025	2013-05-10 14:06:40.663025
163	38	47	2013-05-10 14:06:47.302128	2013-05-10 14:06:47.302128
164	38	2	2013-05-10 14:06:53.248308	2013-05-10 14:06:53.248308
166	38	45	2013-05-10 14:10:15.513062	2013-05-10 14:10:15.513062
167	38	4	2013-05-10 14:10:27.415918	2013-05-10 14:10:27.415918
168	39	36	2013-05-17 18:16:42.227569	2013-05-17 18:16:42.227569
169	39	30	2013-05-17 18:19:49.486416	2013-05-17 18:19:49.486416
170	39	27	2013-05-17 18:20:19.134017	2013-05-17 18:20:19.134017
171	39	23	2013-05-17 18:20:42.504963	2013-05-17 18:20:42.504963
172	39	10	2013-05-17 18:21:01.604372	2013-05-17 18:21:01.604372
173	39	48	2013-05-17 18:23:06.580439	2013-05-17 18:23:06.580439
174	39	51	2013-05-17 18:23:13.495603	2013-05-17 18:23:13.495603
175	39	34	2013-05-17 18:23:22.617666	2013-05-17 18:23:22.617666
176	39	29	2013-05-17 18:23:43.278084	2013-05-17 18:23:43.278084
177	39	37	2013-05-17 18:23:51.868816	2013-05-17 18:23:51.868816
178	39	42	2013-05-17 18:25:20.720168	2013-05-17 18:25:20.720168
179	39	7	2013-05-17 18:26:33.360534	2013-05-17 18:26:33.360534
180	40	36	2013-05-22 17:24:35.398888	2013-05-22 17:24:35.398888
181	40	24	2013-05-22 17:26:24.938135	2013-05-22 17:26:24.938135
182	42	10	2013-05-28 09:59:28.466781	2013-05-28 09:59:28.466781
183	42	11	2013-05-28 09:59:38.613338	2013-05-28 09:59:38.613338
184	42	24	2013-05-28 09:59:48.047508	2013-05-28 09:59:48.047508
185	42	51	2013-05-28 09:59:56.213126	2013-05-28 09:59:56.213126
186	42	25	2013-05-28 10:00:21.319013	2013-05-28 10:00:21.319013
187	42	22	2013-05-28 10:00:27.119512	2013-05-28 10:00:27.119512
188	42	19	2013-05-28 10:00:32.931089	2013-05-28 10:00:32.931089
189	42	8	2013-05-28 10:00:42.196533	2013-05-28 10:00:42.196533
190	42	7	2013-05-28 10:00:57.25049	2013-05-28 10:00:57.25049
191	42	5	2013-05-28 10:01:10.09344	2013-05-28 10:01:10.09344
192	44	30	2013-05-30 13:37:59.709	2013-05-30 13:37:59.709
193	44	46	2013-05-30 13:38:19.691542	2013-05-30 13:38:19.691542
194	44	51	2013-05-30 13:38:23.033916	2013-05-30 13:38:23.033916
195	44	29	2013-05-30 13:38:27.021603	2013-05-30 13:38:27.021603
196	44	28	2013-05-30 13:38:29.870286	2013-05-30 13:38:29.870286
197	44	22	2013-05-30 13:38:34.543619	2013-05-30 13:38:34.543619
198	44	18	2013-05-30 13:38:39.301636	2013-05-30 13:38:39.301636
199	44	1	2013-05-30 13:38:46.11425	2013-05-30 13:38:46.11425
200	44	43	2013-05-30 13:39:04.131618	2013-05-30 13:39:04.131618
201	44	33	2013-05-30 13:39:18.768166	2013-05-30 13:39:18.768166
202	45	10	2013-05-30 15:23:57.97115	2013-05-30 15:23:57.97115
203	45	54	2013-05-30 15:24:04.012404	2013-05-30 15:24:04.012404
204	45	1	2013-05-30 15:24:08.470265	2013-05-30 15:24:08.470265
205	45	51	2013-05-30 15:24:20.609795	2013-05-30 15:24:20.609795
206	45	53	2013-05-30 15:24:23.388448	2013-05-30 15:24:23.388448
207	45	36	2013-05-30 15:24:31.191907	2013-05-30 15:24:31.191907
208	45	24	2013-05-30 15:24:37.352863	2013-05-30 15:24:37.352863
209	45	41	2013-05-30 15:26:18.053071	2013-05-30 15:26:18.053071
210	45	39	2013-05-30 15:26:24.38817	2013-05-30 15:26:24.38817
211	45	35	2013-05-30 15:26:47.511704	2013-05-30 15:26:47.511704
212	45	46	2013-05-30 15:26:52.785355	2013-05-30 15:26:52.785355
213	45	25	2013-05-30 15:27:07.663295	2013-05-30 15:27:07.663295
214	47	8	2013-05-30 17:04:05.158456	2013-05-30 17:04:05.158456
215	47	29	2013-05-30 17:04:19.222914	2013-05-30 17:04:19.222914
216	47	35	2013-05-30 17:04:25.683384	2013-05-30 17:04:25.683384
217	47	37	2013-05-30 17:04:28.520569	2013-05-30 17:04:28.520569
218	47	43	2013-05-30 17:04:39.872654	2013-05-30 17:04:39.872654
219	47	49	2013-05-30 17:04:44.96797	2013-05-30 17:04:44.96797
220	47	48	2013-05-30 17:04:47.652361	2013-05-30 17:04:47.652361
221	47	46	2013-05-30 17:04:54.320365	2013-05-30 17:04:54.320365
222	47	51	2013-05-30 17:04:59.266842	2013-05-30 17:04:59.266842
223	48	16	2013-05-30 18:11:44.835708	2013-05-30 18:11:44.835708
224	48	30	2013-05-30 18:11:52.26431	2013-05-30 18:11:52.26431
225	48	48	2013-05-30 18:12:09.596177	2013-05-30 18:12:09.596177
226	48	2	2013-05-30 18:12:15.700402	2013-05-30 18:12:15.700402
227	48	45	2013-05-30 18:12:24.079489	2013-05-30 18:12:24.079489
228	49	51	2013-05-31 09:40:31.691946	2013-05-31 09:40:31.691946
229	49	22	2013-05-31 09:40:37.147508	2013-05-31 09:40:37.147508
230	49	42	2013-05-31 09:40:56.214182	2013-05-31 09:40:56.214182
231	49	49	2013-05-31 09:41:15.06445	2013-05-31 09:41:15.06445
232	49	47	2013-05-31 09:41:22.333665	2013-05-31 09:41:22.333665
233	49	2	2013-05-31 09:41:31.108033	2013-05-31 09:41:31.108033
234	49	5	2013-05-31 09:41:41.020443	2013-05-31 09:41:41.020443
235	49	43	2013-05-31 09:41:50.394639	2013-05-31 09:41:50.394639
236	49	34	2013-05-31 09:41:54.889512	2013-05-31 09:41:54.889512
237	49	31	2013-05-31 09:42:04.388072	2013-05-31 09:42:04.388072
238	49	54	2013-05-31 09:42:13.190408	2013-05-31 09:42:13.190408
239	49	8	2013-05-31 09:42:17.959233	2013-05-31 09:42:17.959233
240	49	19	2013-05-31 09:42:23.506871	2013-05-31 09:42:23.506871
241	49	28	2013-05-31 09:42:32.195648	2013-05-31 09:42:32.195648
243	49	11	2013-05-31 09:42:56.367245	2013-05-31 09:42:56.367245
244	49	3	2013-05-31 09:43:14.363564	2013-05-31 09:43:14.363564
245	50	5	2013-05-31 11:21:05.188304	2013-05-31 11:21:05.188304
246	50	30	2013-05-31 11:21:13.576201	2013-05-31 11:21:13.576201
247	50	39	2013-05-31 11:21:20.1039	2013-05-31 11:21:20.1039
248	50	33	2013-05-31 11:21:31.456286	2013-05-31 11:21:31.456286
249	50	25	2013-05-31 11:21:35.59493	2013-05-31 11:21:35.59493
250	50	19	2013-05-31 11:21:39.447068	2013-05-31 11:21:39.447068
251	51	53	2013-05-31 16:56:09.869232	2013-05-31 16:56:09.869232
252	51	50	2013-05-31 16:56:15.578706	2013-05-31 16:56:15.578706
253	51	46	2013-05-31 16:56:22.112254	2013-05-31 16:56:22.112254
254	51	39	2013-05-31 16:56:25.64537	2013-05-31 16:56:25.64537
255	51	33	2013-05-31 16:56:31.371258	2013-05-31 16:56:31.371258
256	27	13	2013-06-01 07:59:58.82715	2013-06-01 07:59:58.82715
257	27	34	2013-06-01 08:00:57.743178	2013-06-01 08:00:57.743178
258	52	4	2013-06-02 09:24:18.33787	2013-06-02 09:24:18.33787
259	52	6	2013-06-02 09:24:20.609975	2013-06-02 09:24:20.609975
260	52	9	2013-06-02 09:24:32.596697	2013-06-02 09:24:32.596697
261	52	8	2013-06-02 09:24:36.444613	2013-06-02 09:24:36.444613
264	52	28	2013-06-02 09:25:25.359258	2013-06-02 09:25:25.359258
265	52	31	2013-06-02 09:25:30.996112	2013-06-02 09:25:30.996112
266	52	24	2013-06-02 09:26:15.2653	2013-06-02 09:26:15.2653
267	52	19	2013-06-02 09:26:21.298496	2013-06-02 09:26:21.298496
268	52	18	2013-06-02 09:26:26.492289	2013-06-02 09:26:26.492289
269	52	5	2013-06-02 09:26:57.64357	2013-06-02 09:26:57.64357
270	52	15	2013-06-02 09:27:22.797005	2013-06-02 09:27:22.797005
271	52	49	2013-06-02 09:29:30.733718	2013-06-02 09:29:30.733718
272	53	33	2013-06-02 18:14:33.778097	2013-06-02 18:14:33.778097
273	53	19	2013-06-02 18:15:03.782972	2013-06-02 18:15:03.782972
274	53	6	2013-06-02 18:15:31.498026	2013-06-02 18:15:31.498026
275	53	10	2013-06-02 18:23:14.739293	2013-06-02 18:23:14.739293
276	54	4	2013-06-03 19:54:44.535035	2013-06-03 19:54:44.535035
277	54	6	2013-06-03 19:55:02.174526	2013-06-03 19:55:02.174526
278	54	53	2013-06-03 19:55:21.760638	2013-06-03 19:55:21.760638
279	54	10	2013-06-03 19:55:36.364115	2013-06-03 19:55:36.364115
280	38	22	2013-06-03 21:17:26.088963	2013-06-03 21:17:26.088963
281	38	35	2013-06-03 21:18:02.301795	2013-06-03 21:18:02.301795
282	38	5	2013-06-03 21:18:21.359172	2013-06-03 21:18:21.359172
283	55	31	2013-06-04 10:07:56.485707	2013-06-04 10:07:56.485707
284	55	5	2013-06-04 10:08:03.004813	2013-06-04 10:08:03.004813
285	55	41	2013-06-04 10:08:13.313301	2013-06-04 10:08:13.313301
286	55	24	2013-06-04 10:08:22.845479	2013-06-04 10:08:22.845479
287	55	54	2013-06-04 10:08:29.695826	2013-06-04 10:08:29.695826
288	55	11	2013-06-04 10:08:38.186148	2013-06-04 10:08:38.186148
289	55	49	2013-06-04 10:08:48.234809	2013-06-04 10:08:48.234809
290	55	51	2013-06-04 10:09:08.833053	2013-06-04 10:09:08.833053
291	55	30	2013-06-04 10:09:35.479379	2013-06-04 10:09:35.479379
292	55	12	2013-06-04 10:09:46.200394	2013-06-04 10:09:46.200394
293	55	15	2013-06-04 10:09:48.570598	2013-06-04 10:09:48.570598
294	55	47	2013-06-04 10:10:06.835365	2013-06-04 10:10:06.835365
295	55	4	2013-06-04 10:10:11.941925	2013-06-04 10:10:11.941925
296	57	51	2013-06-06 10:51:58.902413	2013-06-06 10:51:58.902413
297	57	50	2013-06-06 10:52:10.769413	2013-06-06 10:52:10.769413
298	57	46	2013-06-06 10:52:27.673352	2013-06-06 10:52:27.673352
299	57	41	2013-06-06 10:52:43.246504	2013-06-06 10:52:43.246504
300	57	39	2013-06-06 10:52:49.367285	2013-06-06 10:52:49.367285
301	57	31	2013-06-06 10:53:35.18785	2013-06-06 10:53:35.18785
302	57	30	2013-06-06 10:53:40.916383	2013-06-06 10:53:40.916383
303	57	28	2013-06-06 10:53:49.112272	2013-06-06 10:53:49.112272
304	57	10	2013-06-06 10:54:09.024724	2013-06-06 10:54:09.024724
305	57	1	2013-06-06 10:54:15.695127	2013-06-06 10:54:15.695127
306	57	6	2013-06-06 10:54:23.197124	2013-06-06 10:54:23.197124
309	58	53	2013-06-09 19:11:09.972841	2013-06-09 19:11:09.972841
310	58	6	2013-06-09 19:11:29.29273	2013-06-09 19:11:29.29273
311	58	13	2013-06-09 19:11:43.92542	2013-06-09 19:11:43.92542
312	58	15	2013-06-09 19:11:50.407995	2013-06-09 19:11:50.407995
313	58	51	2013-06-09 19:12:05.50061	2013-06-09 19:12:05.50061
314	60	5	2013-06-13 08:46:58.52262	2013-06-13 08:46:58.52262
315	60	38	2013-06-13 08:47:28.932026	2013-06-13 08:47:28.932026
316	8	38	2013-06-17 18:42:30.416894	2013-06-17 18:42:30.416894
317	62	46	2013-06-23 08:38:53.262385	2013-06-23 08:38:53.262385
318	63	31	2013-06-26 11:39:10.892286	2013-06-26 11:39:10.892286
319	65	6	2013-06-30 05:11:30.875449	2013-06-30 05:11:30.875449
320	65	12	2013-06-30 05:11:41.307401	2013-06-30 05:11:41.307401
321	65	19	2013-06-30 05:11:46.314687	2013-06-30 05:11:46.314687
322	65	14	2013-06-30 05:11:52.636294	2013-06-30 05:11:52.636294
323	65	24	2013-06-30 05:11:59.575994	2013-06-30 05:11:59.575994
324	65	31	2013-06-30 05:12:07.880089	2013-06-30 05:12:07.880089
325	65	49	2013-06-30 05:12:20.149626	2013-06-30 05:12:20.149626
326	65	50	2013-06-30 05:12:24.290199	2013-06-30 05:12:24.290199
327	65	46	2013-06-30 05:12:27.168278	2013-06-30 05:12:27.168278
328	65	2	2013-06-30 05:12:34.685724	2013-06-30 05:12:34.685724
329	65	34	2013-06-30 05:12:41.157292	2013-06-30 05:12:41.157292
330	65	45	2013-06-30 05:12:47.449603	2013-06-30 05:12:47.449603
331	65	43	2013-06-30 05:12:57.160931	2013-06-30 05:12:57.160931
332	65	5	2013-06-30 05:13:17.957747	2013-06-30 05:13:17.957747
333	66	25	2013-06-30 18:58:38.063198	2013-06-30 18:58:38.063198
334	66	24	2013-06-30 18:58:45.589229	2013-06-30 18:58:45.589229
335	66	29	2013-06-30 18:58:50.194832	2013-06-30 18:58:50.194832
336	66	49	2013-06-30 18:59:09.336682	2013-06-30 18:59:09.336682
337	66	47	2013-06-30 18:59:13.909545	2013-06-30 18:59:13.909545
338	66	5	2013-06-30 18:59:31.227849	2013-06-30 18:59:31.227849
339	66	28	2013-06-30 18:59:39.325362	2013-06-30 18:59:39.325362
340	66	21	2013-06-30 18:59:43.846495	2013-06-30 18:59:43.846495
341	67	31	2013-07-01 10:50:58.517041	2013-07-01 10:50:58.517041
342	67	15	2013-07-01 10:51:17.852076	2013-07-01 10:51:17.852076
343	67	24	2013-07-01 10:51:45.597254	2013-07-01 10:51:45.597254
344	67	45	2013-07-01 10:52:10.691337	2013-07-01 10:52:10.691337
345	67	47	2013-07-01 10:52:19.099329	2013-07-01 10:52:19.099329
346	67	34	2013-07-01 10:52:53.191352	2013-07-01 10:52:53.191352
347	66	31	2013-07-01 19:13:15.127741	2013-07-01 19:13:15.127741
348	66	2	2013-07-01 19:13:40.726798	2013-07-01 19:13:40.726798
349	69	23	2013-07-02 20:29:42.158114	2013-07-02 20:29:42.158114
350	69	49	2013-07-02 20:29:55.79233	2013-07-02 20:29:55.79233
351	69	8	2013-07-02 20:30:09.417256	2013-07-02 20:30:09.417256
352	69	7	2013-07-02 20:30:14.536336	2013-07-02 20:30:14.536336
353	69	34	2013-07-02 20:30:47.394469	2013-07-02 20:30:47.394469
354	69	53	2013-07-02 20:30:55.118817	2013-07-02 20:30:55.118817
355	70	21	2013-07-04 17:45:25.844975	2013-07-04 17:45:25.844975
356	70	10	2013-07-04 17:45:34.265422	2013-07-04 17:45:34.265422
357	70	6	2013-07-04 17:45:42.545377	2013-07-04 17:45:42.545377
358	70	24	2013-07-04 17:45:48.250475	2013-07-04 17:45:48.250475
359	70	25	2013-07-04 17:45:50.718998	2013-07-04 17:45:50.718998
360	70	18	2013-07-04 17:46:05.274669	2013-07-04 17:46:05.274669
361	70	35	2013-07-04 17:46:18.51945	2013-07-04 17:46:18.51945
362	70	5	2013-07-04 17:46:31.840714	2013-07-04 17:46:31.840714
363	70	49	2013-07-04 17:46:36.722272	2013-07-04 17:46:36.722272
364	70	36	2013-07-04 17:46:49.074273	2013-07-04 17:46:49.074273
365	70	31	2013-07-04 17:46:51.856692	2013-07-04 17:46:51.856692
366	70	39	2013-07-04 17:47:13.035951	2013-07-04 17:47:13.035951
367	71	1	2013-07-04 19:21:03.561712	2013-07-04 19:21:03.561712
368	71	6	2013-07-04 19:21:11.907004	2013-07-04 19:21:11.907004
369	71	7	2013-07-04 19:21:21.449519	2013-07-04 19:21:21.449519
370	71	19	2013-07-04 19:21:34.048952	2013-07-04 19:21:34.048952
371	71	30	2013-07-04 19:21:53.299562	2013-07-04 19:21:53.299562
372	71	41	2013-07-04 19:22:04.153741	2013-07-04 19:22:04.153741
373	71	50	2013-07-04 19:22:09.308273	2013-07-04 19:22:09.308273
374	71	2	2013-07-04 19:22:18.143261	2013-07-04 19:22:18.143261
375	71	51	2013-07-04 19:22:25.182228	2013-07-04 19:22:25.182228
376	71	47	2013-07-04 19:22:32.067414	2013-07-04 19:22:32.067414
377	71	46	2013-07-04 19:22:34.559619	2013-07-04 19:22:34.559619
378	71	21	2013-07-04 19:22:43.370449	2013-07-04 19:22:43.370449
379	71	11	2013-07-04 19:23:06.032603	2013-07-04 19:23:06.032603
380	73	11	2013-07-06 22:24:07.936617	2013-07-06 22:24:07.936617
381	73	4	2013-07-06 22:24:13.902114	2013-07-06 22:24:13.902114
382	73	7	2013-07-06 22:24:22.342635	2013-07-06 22:24:22.342635
383	73	19	2013-07-06 22:24:29.274123	2013-07-06 22:24:29.274123
384	73	18	2013-07-06 22:24:33.087292	2013-07-06 22:24:33.087292
385	73	23	2013-07-06 22:24:43.968328	2013-07-06 22:24:43.968328
386	73	24	2013-07-06 22:24:48.249165	2013-07-06 22:24:48.249165
387	73	30	2013-07-06 22:24:55.700325	2013-07-06 22:24:55.700325
388	73	35	2013-07-06 22:25:11.072202	2013-07-06 22:25:11.072202
389	73	36	2013-07-06 22:25:13.449268	2013-07-06 22:25:13.449268
390	73	45	2013-07-06 22:25:29.455829	2013-07-06 22:25:29.455829
391	73	50	2013-07-06 22:25:35.089376	2013-07-06 22:25:35.089376
392	75	11	2013-07-07 17:39:10.585096	2013-07-07 17:39:10.585096
393	75	33	2013-07-07 17:39:34.121321	2013-07-07 17:39:34.121321
394	75	2	2013-07-07 17:40:20.176561	2013-07-07 17:40:20.176561
395	75	4	2013-07-07 17:40:27.530278	2013-07-07 17:40:27.530278
396	75	14	2013-07-07 17:40:37.548178	2013-07-07 17:40:37.548178
397	75	24	2013-07-07 17:40:46.920084	2013-07-07 17:40:46.920084
398	75	23	2013-07-07 17:40:51.074803	2013-07-07 17:40:51.074803
399	75	39	2013-07-07 17:41:04.75612	2013-07-07 17:41:04.75612
400	75	47	2013-07-07 17:41:09.749007	2013-07-07 17:41:09.749007
401	75	53	2013-07-07 17:41:14.772639	2013-07-07 17:41:14.772639
402	75	9	2013-07-07 17:41:24.048705	2013-07-07 17:41:24.048705
403	75	13	2013-07-07 17:41:27.819876	2013-07-07 17:41:27.819876
404	76	8	2013-07-08 09:56:13.054962	2013-07-08 09:56:13.054962
405	76	34	2013-07-08 09:56:21.544497	2013-07-08 09:56:21.544497
406	76	42	2013-07-08 09:56:26.103877	2013-07-08 09:56:26.103877
407	76	15	2013-07-08 09:57:29.589874	2013-07-08 09:57:29.589874
408	77	46	2013-07-09 13:39:20.052883	2013-07-09 13:39:20.052883
409	78	24	2013-07-10 16:47:09.882011	2013-07-10 16:47:09.882011
410	78	46	2013-07-10 16:48:28.383992	2013-07-10 16:48:28.383992
411	78	33	2013-07-10 16:48:48.725245	2013-07-10 16:48:48.725245
412	78	8	2013-07-10 16:48:58.297633	2013-07-10 16:48:58.297633
413	78	12	2013-07-10 16:49:03.100467	2013-07-10 16:49:03.100467
414	79	11	2013-07-11 19:06:46.61601	2013-07-11 19:06:46.61601
415	79	1	2013-07-11 19:06:58.908078	2013-07-11 19:06:58.908078
416	79	7	2013-07-11 19:07:17.062208	2013-07-11 19:07:17.062208
417	79	8	2013-07-11 19:07:37.02168	2013-07-11 19:07:37.02168
418	79	18	2013-07-11 19:08:08.1584	2013-07-11 19:08:08.1584
419	79	27	2013-07-11 19:08:35.682409	2013-07-11 19:08:35.682409
420	79	48	2013-07-11 19:09:28.695343	2013-07-11 19:09:28.695343
421	79	47	2013-07-11 19:10:00.613556	2013-07-11 19:10:00.613556
422	79	5	2013-07-11 19:10:13.193572	2013-07-11 19:10:13.193572
423	80	33	2013-07-12 10:38:18.788418	2013-07-12 10:38:18.788418
424	80	46	2013-07-12 10:38:31.105795	2013-07-12 10:38:31.105795
425	18	46	2013-07-19 11:08:49.089784	2013-07-19 11:08:49.089784
427	82	1	2013-07-19 13:59:24.583413	2013-07-19 13:59:24.583413
428	83	19	2013-07-19 16:09:13.030902	2013-07-19 16:09:13.030902
429	83	38	2013-07-19 16:09:41.060342	2013-07-19 16:09:41.060342
430	83	10	2013-07-19 16:09:51.653242	2013-07-19 16:09:51.653242
431	83	1	2013-07-19 16:09:53.957621	2013-07-19 16:09:53.957621
432	84	1	2013-07-20 19:35:09.758016	2013-07-20 19:35:09.758016
433	86	29	2013-07-26 13:31:08.190021	2013-07-26 13:31:08.190021
434	86	3	2013-07-26 13:31:13.08737	2013-07-26 13:31:13.08737
435	87	23	2013-07-27 15:35:10.319742	2013-07-27 15:35:10.319742
436	87	4	2013-07-27 15:35:29.107731	2013-07-27 15:35:29.107731
437	87	11	2013-07-27 15:35:44.674291	2013-07-27 15:35:44.674291
438	87	47	2013-07-27 15:36:02.531259	2013-07-27 15:36:02.531259
439	88	11	2013-07-27 18:47:32.309999	2013-07-27 18:47:32.309999
440	88	4	2013-07-27 18:47:37.5367	2013-07-27 18:47:37.5367
441	88	7	2013-07-27 18:47:43.794653	2013-07-27 18:47:43.794653
442	88	18	2013-07-27 18:47:53.28489	2013-07-27 18:47:53.28489
443	88	24	2013-07-27 18:47:57.258072	2013-07-27 18:47:57.258072
444	88	23	2013-07-27 18:48:00.13718	2013-07-27 18:48:00.13718
445	88	27	2013-07-27 18:48:08.956075	2013-07-27 18:48:08.956075
446	88	30	2013-07-27 18:48:11.959949	2013-07-27 18:48:11.959949
447	88	34	2013-07-27 18:48:15.031608	2013-07-27 18:48:15.031608
448	88	2	2013-07-27 18:48:25.264785	2013-07-27 18:48:25.264785
449	89	11	2013-07-27 18:52:53.809696	2013-07-27 18:52:53.809696
450	89	34	2013-07-27 18:52:58.157611	2013-07-27 18:52:58.157611
451	89	2	2013-07-27 18:53:02.93964	2013-07-27 18:53:02.93964
453	89	30	2013-07-27 18:53:16.439927	2013-07-27 18:53:16.439927
454	89	21	2013-07-27 18:53:20.131815	2013-07-27 18:53:20.131815
455	89	9	2013-07-27 18:53:27.537519	2013-07-27 18:53:27.537519
456	90	13	2013-08-03 08:20:58.469917	2013-08-03 08:20:58.469917
457	90	29	2013-08-03 08:21:20.326485	2013-08-03 08:21:20.326485
458	90	43	2013-08-03 08:21:28.524156	2013-08-03 08:21:28.524156
459	90	34	2013-08-03 08:21:33.931566	2013-08-03 08:21:33.931566
460	90	51	2013-08-03 08:21:39.166897	2013-08-03 08:21:39.166897
461	90	32	2013-08-03 08:21:45.131842	2013-08-03 08:21:45.131842
462	90	9	2013-08-03 08:21:56.075775	2013-08-03 08:21:56.075775
463	90	19	2013-08-03 08:22:06.72863	2013-08-03 08:22:06.72863
464	90	27	2013-08-03 08:22:19.047249	2013-08-03 08:22:19.047249
465	90	46	2013-08-03 08:22:56.308121	2013-08-03 08:22:56.308121
466	90	48	2013-08-03 08:23:06.271962	2013-08-03 08:23:06.271962
467	90	17	2013-08-03 08:23:23.590722	2013-08-03 08:23:23.590722
468	91	19	2013-08-04 09:34:28.953788	2013-08-04 09:34:28.953788
469	91	9	2013-08-04 09:34:43.865074	2013-08-04 09:34:43.865074
470	91	14	2013-08-04 09:34:50.679756	2013-08-04 09:34:50.679756
471	91	18	2013-08-04 09:34:59.950373	2013-08-04 09:34:59.950373
472	91	20	2013-08-04 09:35:08.339813	2013-08-04 09:35:08.339813
473	91	33	2013-08-04 09:35:17.247234	2013-08-04 09:35:17.247234
474	91	39	2013-08-04 09:35:23.765307	2013-08-04 09:35:23.765307
475	91	46	2013-08-04 09:35:33.43921	2013-08-04 09:35:33.43921
476	91	38	2013-08-04 09:35:58.096269	2013-08-04 09:35:58.096269
477	89	7	2013-08-04 13:39:26.727624	2013-08-04 13:39:26.727624
478	89	23	2013-08-04 13:39:36.656386	2013-08-04 13:39:36.656386
479	89	27	2013-08-04 13:39:40.143115	2013-08-04 13:39:40.143115
480	92	7	2013-08-04 14:38:53.33846	2013-08-04 14:38:53.33846
481	92	27	2013-08-04 14:39:24.786295	2013-08-04 14:39:24.786295
482	92	46	2013-08-04 14:39:48.77762	2013-08-04 14:39:48.77762
483	92	2	2013-08-04 14:40:08.806646	2013-08-04 14:40:08.806646
484	92	51	2013-08-04 14:40:13.687193	2013-08-04 14:40:13.687193
485	92	34	2013-08-04 14:40:22.708525	2013-08-04 14:40:22.708525
486	92	8	2013-08-04 14:40:29.46283	2013-08-04 14:40:29.46283
487	92	15	2013-08-04 14:40:35.050595	2013-08-04 14:40:35.050595
488	92	1	2013-08-04 14:40:38.132923	2013-08-04 14:40:38.132923
489	92	30	2013-08-04 14:40:49.227515	2013-08-04 14:40:49.227515
490	92	31	2013-08-04 14:40:52.548859	2013-08-04 14:40:52.548859
491	93	54	2013-08-04 14:58:01.616033	2013-08-04 14:58:01.616033
492	93	18	2013-08-04 14:58:11.357558	2013-08-04 14:58:11.357558
493	93	23	2013-08-04 14:58:14.36867	2013-08-04 14:58:14.36867
494	93	21	2013-08-04 14:58:17.045437	2013-08-04 14:58:17.045437
495	93	33	2013-08-04 14:58:22.330732	2013-08-04 14:58:22.330732
496	93	32	2013-08-04 14:58:26.654525	2013-08-04 14:58:26.654525
497	93	49	2013-08-04 14:58:35.911549	2013-08-04 14:58:35.911549
498	93	53	2013-08-04 14:58:40.623888	2013-08-04 14:58:40.623888
499	93	27	2013-08-04 14:58:45.802542	2013-08-04 14:58:45.802542
500	93	3	2013-08-04 14:58:53.84158	2013-08-04 14:58:53.84158
501	93	44	2013-08-04 15:00:04.475301	2013-08-04 15:00:04.475301
502	94	4	2013-08-04 21:13:02.83338	2013-08-04 21:13:02.83338
503	94	54	2013-08-04 21:13:08.910323	2013-08-04 21:13:08.910323
504	94	19	2013-08-04 21:13:18.421534	2013-08-04 21:13:18.421534
505	94	25	2013-08-04 21:13:23.25302	2013-08-04 21:13:23.25302
506	94	21	2013-08-04 21:13:26.937445	2013-08-04 21:13:26.937445
507	94	31	2013-08-04 21:13:33.521451	2013-08-04 21:13:33.521451
508	94	33	2013-08-04 21:13:39.10717	2013-08-04 21:13:39.10717
509	94	37	2013-08-04 21:13:45.73533	2013-08-04 21:13:45.73533
510	94	45	2013-08-04 21:13:55.254944	2013-08-04 21:13:55.254944
511	94	49	2013-08-04 21:13:59.047093	2013-08-04 21:13:59.047093
512	94	2	2013-08-04 21:14:02.635725	2013-08-04 21:14:02.635725
513	94	5	2013-08-04 21:14:37.670883	2013-08-04 21:14:37.670883
514	94	10	2013-08-04 21:14:53.350619	2013-08-04 21:14:53.350619
515	95	7	2013-08-05 15:08:19.801658	2013-08-05 15:08:19.801658
516	95	21	2013-08-05 15:08:39.961197	2013-08-05 15:08:39.961197
517	95	22	2013-08-05 15:08:44.107499	2013-08-05 15:08:44.107499
518	95	32	2013-08-05 15:08:51.032819	2013-08-05 15:08:51.032819
519	95	44	2013-08-05 15:08:56.944543	2013-08-05 15:08:56.944543
520	95	43	2013-08-05 15:09:00.075203	2013-08-05 15:09:00.075203
521	95	41	2013-08-05 15:09:02.577813	2013-08-05 15:09:02.577813
522	95	49	2013-08-05 15:09:07.063419	2013-08-05 15:09:07.063419
523	95	51	2013-08-05 15:10:34.22593	2013-08-05 15:10:34.22593
524	95	5	2013-08-05 15:14:39.495014	2013-08-05 15:14:39.495014
525	95	19	2013-08-05 15:19:49.975117	2013-08-05 15:19:49.975117
526	95	42	2013-08-05 15:19:58.896542	2013-08-05 15:19:58.896542
527	97	11	2013-08-07 06:58:01.199009	2013-08-07 06:58:01.199009
528	98	10	2013-08-07 14:51:02.115634	2013-08-07 14:51:02.115634
529	98	19	2013-08-07 14:51:08.933809	2013-08-07 14:51:08.933809
530	98	28	2013-08-07 14:51:16.642547	2013-08-07 14:51:16.642547
531	98	33	2013-08-07 14:51:21.191211	2013-08-07 14:51:21.191211
532	98	36	2013-08-07 14:51:24.602968	2013-08-07 14:51:24.602968
533	98	39	2013-08-07 14:51:29.243693	2013-08-07 14:51:29.243693
534	98	50	2013-08-07 14:51:34.928032	2013-08-07 14:51:34.928032
535	98	53	2013-08-07 14:51:39.060699	2013-08-07 14:51:39.060699
536	98	2	2013-08-07 14:51:42.404083	2013-08-07 14:51:42.404083
537	98	31	2013-08-07 14:51:53.823216	2013-08-07 14:51:53.823216
538	98	11	2013-08-07 14:51:59.634495	2013-08-07 14:51:59.634495
539	98	14	2013-08-07 14:52:11.307804	2013-08-07 14:52:11.307804
540	99	4	2013-08-08 18:38:30.757326	2013-08-08 18:38:30.757326
541	99	6	2013-08-08 18:38:38.754115	2013-08-08 18:38:38.754115
542	99	9	2013-08-08 18:38:45.810644	2013-08-08 18:38:45.810644
543	99	10	2013-08-08 18:38:52.066961	2013-08-08 18:38:52.066961
544	99	13	2013-08-08 18:38:56.429027	2013-08-08 18:38:56.429027
545	99	14	2013-08-08 18:39:01.177749	2013-08-08 18:39:01.177749
546	99	15	2013-08-08 18:39:06.080128	2013-08-08 18:39:06.080128
547	99	16	2013-08-08 18:39:10.038214	2013-08-08 18:39:10.038214
548	99	17	2013-08-08 18:39:15.212757	2013-08-08 18:39:15.212757
549	99	18	2013-08-08 18:39:18.590315	2013-08-08 18:39:18.590315
550	99	19	2013-08-08 18:39:21.489186	2013-08-08 18:39:21.489186
551	99	20	2013-08-08 18:39:25.175729	2013-08-08 18:39:25.175729
552	99	21	2013-08-08 18:39:29.315854	2013-08-08 18:39:29.315854
553	99	23	2013-08-08 18:39:32.874369	2013-08-08 18:39:32.874369
554	99	25	2013-08-08 18:39:37.875942	2013-08-08 18:39:37.875942
555	99	26	2013-08-08 18:39:41.794589	2013-08-08 18:39:41.794589
556	99	29	2013-08-08 18:39:47.230563	2013-08-08 18:39:47.230563
557	99	30	2013-08-08 18:39:50.164741	2013-08-08 18:39:50.164741
558	99	32	2013-08-08 18:39:54.224882	2013-08-08 18:39:54.224882
559	99	33	2013-08-08 18:39:58.361401	2013-08-08 18:39:58.361401
560	99	35	2013-08-08 18:40:02.825269	2013-08-08 18:40:02.825269
561	99	34	2013-08-08 18:40:05.761971	2013-08-08 18:40:05.761971
562	99	36	2013-08-08 18:40:09.049961	2013-08-08 18:40:09.049961
563	99	37	2013-08-08 18:40:13.443927	2013-08-08 18:40:13.443927
564	99	39	2013-08-08 18:40:16.943776	2013-08-08 18:40:16.943776
565	99	41	2013-08-08 18:40:21.059356	2013-08-08 18:40:21.059356
566	99	43	2013-08-08 18:40:25.411314	2013-08-08 18:40:25.411314
567	99	49	2013-08-08 18:40:34.050959	2013-08-08 18:40:34.050959
568	99	50	2013-08-08 18:40:37.300406	2013-08-08 18:40:37.300406
569	99	51	2013-08-08 18:40:40.804574	2013-08-08 18:40:40.804574
570	99	5	2013-08-08 18:40:46.909809	2013-08-08 18:40:46.909809
571	99	53	2013-08-08 18:40:50.90368	2013-08-08 18:40:50.90368
572	102	1	2013-08-14 18:45:50.038035	2013-08-14 18:45:50.038035
573	102	23	2013-08-14 19:00:51.750502	2013-08-14 19:00:51.750502
574	102	24	2013-08-14 19:00:58.403253	2013-08-14 19:00:58.403253
575	102	30	2013-08-14 19:01:07.178185	2013-08-14 19:01:07.178185
576	102	42	2013-08-14 19:01:26.587519	2013-08-14 19:01:26.587519
577	102	49	2013-08-14 19:01:39.05416	2013-08-14 19:01:39.05416
578	102	51	2013-08-14 19:01:42.507325	2013-08-14 19:01:42.507325
579	102	5	2013-08-14 19:01:48.506912	2013-08-14 19:01:48.506912
580	102	2	2013-08-14 19:01:52.17429	2013-08-14 19:01:52.17429
581	102	7	2013-08-14 19:21:42.183082	2013-08-14 19:21:42.183082
582	102	22	2013-08-14 19:21:51.325109	2013-08-14 19:21:51.325109
583	102	28	2013-08-14 19:21:59.293414	2013-08-14 19:21:59.293414
584	103	7	2013-08-15 13:53:34.32295	2013-08-15 13:53:34.32295
585	45	7	2013-08-16 13:52:15.193311	2013-08-16 13:52:15.193311
586	104	46	2013-08-16 13:54:26.35175	2013-08-16 13:54:26.35175
587	108	25	2013-08-18 15:44:13.619542	2013-08-18 15:44:13.619542
588	109	11	2013-08-20 13:52:58.796004	2013-08-20 13:52:58.796004
589	109	4	2013-08-20 13:53:02.324014	2013-08-20 13:53:02.324014
590	109	7	2013-08-20 13:53:06.869559	2013-08-20 13:53:06.869559
591	109	23	2013-08-20 13:53:16.239658	2013-08-20 13:53:16.239658
592	109	24	2013-08-20 13:53:19.92959	2013-08-20 13:53:19.92959
593	109	27	2013-08-20 13:53:23.370292	2013-08-20 13:53:23.370292
594	109	30	2013-08-20 13:53:26.483121	2013-08-20 13:53:26.483121
595	109	34	2013-08-20 13:53:29.677102	2013-08-20 13:53:29.677102
596	109	2	2013-08-20 13:53:37.791206	2013-08-20 13:53:37.791206
597	110	2	2013-08-20 14:05:32.47308	2013-08-20 14:05:32.47308
598	110	34	2013-08-20 14:05:36.289272	2013-08-20 14:05:36.289272
599	110	30	2013-08-20 14:05:40.018027	2013-08-20 14:05:40.018027
600	110	27	2013-08-20 14:05:43.11657	2013-08-20 14:05:43.11657
601	110	33	2013-08-20 14:05:45.585404	2013-08-20 14:05:45.585404
602	110	4	2013-08-20 14:06:02.926819	2013-08-20 14:06:02.926819
603	110	11	2013-08-20 14:06:05.195102	2013-08-20 14:06:05.195102
604	110	7	2013-08-20 14:06:35.087905	2013-08-20 14:06:35.087905
605	110	23	2013-08-20 14:07:12.478484	2013-08-20 14:07:12.478484
606	110	24	2013-08-20 14:07:30.94139	2013-08-20 14:07:30.94139
607	110	21	2013-08-20 14:07:45.543445	2013-08-20 14:07:45.543445
608	110	9	2013-08-20 14:07:49.83868	2013-08-20 14:07:49.83868
609	111	29	2013-08-20 16:12:04.471826	2013-08-20 16:12:04.471826
610	111	38	2013-08-20 16:12:37.1296	2013-08-20 16:12:37.1296
611	112	46	2013-08-21 10:54:52.600638	2013-08-21 10:54:52.600638
612	113	10	2013-08-22 14:09:44.69628	2013-08-22 14:09:44.69628
613	113	38	2013-08-22 14:14:03.982877	2013-08-22 14:14:03.982877
614	114	3	2013-08-23 05:44:45.081039	2013-08-23 05:44:45.081039
615	115	1	2013-08-23 16:02:53.057784	2013-08-23 16:02:53.057784
616	115	23	2013-08-23 16:03:15.830983	2013-08-23 16:03:15.830983
617	115	29	2013-08-23 16:03:20.262876	2013-08-23 16:03:20.262876
618	115	27	2013-08-23 16:03:29.707286	2013-08-23 16:03:29.707286
619	115	26	2013-08-23 16:03:35.447907	2013-08-23 16:03:35.447907
620	115	37	2013-08-23 16:04:01.787334	2013-08-23 16:04:01.787334
621	117	11	2013-08-25 09:58:49.948451	2013-08-25 09:58:49.948451
622	117	7	2013-08-25 09:58:59.117363	2013-08-25 09:58:59.117363
623	117	8	2013-08-25 09:59:03.5024	2013-08-25 09:59:03.5024
624	117	9	2013-08-25 09:59:07.675396	2013-08-25 09:59:07.675396
625	117	20	2013-08-25 09:59:29.905166	2013-08-25 09:59:29.905166
626	117	27	2013-08-25 09:59:40.010469	2013-08-25 09:59:40.010469
627	117	29	2013-08-25 09:59:45.968082	2013-08-25 09:59:45.968082
628	117	26	2013-08-25 09:59:52.153133	2013-08-25 09:59:52.153133
629	117	2	2013-08-25 10:00:19.637471	2013-08-25 10:00:19.637471
630	118	54	2013-08-26 13:18:38.313779	2013-08-26 13:18:38.313779
631	118	53	2013-08-26 13:18:54.506616	2013-08-26 13:18:54.506616
632	118	21	2013-08-26 13:19:31.356931	2013-08-26 13:19:31.356931
633	119	1	2013-08-27 14:41:55.252841	2013-08-27 14:41:55.252841
634	119	31	2013-08-27 14:42:21.734088	2013-08-27 14:42:21.734088
635	119	12	2013-08-27 14:43:34.888683	2013-08-27 14:43:34.888683
636	119	8	2013-08-27 14:43:46.367884	2013-08-27 14:43:46.367884
637	119	54	2013-08-27 14:43:51.427522	2013-08-27 14:43:51.427522
638	119	15	2013-08-27 14:43:58.716986	2013-08-27 14:43:58.716986
639	119	18	2013-08-27 14:44:06.451337	2013-08-27 14:44:06.451337
640	119	24	2013-08-27 14:44:11.606382	2013-08-27 14:44:11.606382
641	119	23	2013-08-27 14:44:14.860861	2013-08-27 14:44:14.860861
642	119	25	2013-08-27 14:44:19.870007	2013-08-27 14:44:19.870007
643	119	28	2013-08-27 14:44:24.341671	2013-08-27 14:44:24.341671
\.


--
-- Name: tastes_pkey; Type: CONSTRAINT; Schema: public; Owner: root; Tablespace: 
--

ALTER TABLE ONLY tastes
    ADD CONSTRAINT tastes_pkey PRIMARY KEY (id);


--
-- Name: users_pkey; Type: CONSTRAINT; Schema: public; Owner: root; Tablespace: 
--

ALTER TABLE ONLY users
    ADD CONSTRAINT users_pkey PRIMARY KEY (id);


--
-- Name: votes_pkey; Type: CONSTRAINT; Schema: public; Owner: root; Tablespace: 
--

ALTER TABLE ONLY votes
    ADD CONSTRAINT votes_pkey PRIMARY KEY (id);


--
-- Name: index_tastes_on_code; Type: INDEX; Schema: public; Owner: root; Tablespace: 
--

CREATE UNIQUE INDEX index_tastes_on_code ON tastes USING btree (code);


--
-- Name: index_tastes_on_votes; Type: INDEX; Schema: public; Owner: root; Tablespace: 
--

CREATE INDEX index_tastes_on_votes ON tastes USING btree (votes);


--
-- Name: index_votes_on_taste_id; Type: INDEX; Schema: public; Owner: root; Tablespace: 
--

CREATE INDEX index_votes_on_taste_id ON votes USING btree (taste_id);


--
-- Name: index_votes_on_user_id; Type: INDEX; Schema: public; Owner: root; Tablespace: 
--

CREATE INDEX index_votes_on_user_id ON votes USING btree (user_id);


--
-- Name: unique_schema_migrations; Type: INDEX; Schema: public; Owner: root; Tablespace: 
--

CREATE UNIQUE INDEX unique_schema_migrations ON schema_migrations USING btree (version);


--
-- Name: public; Type: ACL; Schema: -; Owner: postgres
--

REVOKE ALL ON SCHEMA public FROM PUBLIC;
REVOKE ALL ON SCHEMA public FROM postgres;
GRANT ALL ON SCHEMA public TO postgres;
GRANT ALL ON SCHEMA public TO PUBLIC;


--
-- PostgreSQL database dump complete
--

